source,source_row_id,id_type,raw_value,normalized_value
06,06:001,alternate_asset_id,ALT-IN-000001,ALT-IN-000001
06,06:001,electronic_asset_id,EA-00001,EA-00001
06,06:001,serial_number,ADC-2021-100001,ADC-2021-100001
06,06:001,udi,UDI-0088-00000001,UDI-0088-00000001
06,06:002,alternate_asset_id,ALT-IN-000002,ALT-IN-000002
06,06:002,electronic_asset_id,EA-00002,EA-00002
06,06:002,serial_number,INF-2022-100002,INF-2022-100002
06,06:002,udi,UDI-0088-00000002,UDI-0088-00000002
06,06:003,alternate_asset_id,ALT-IN-000003,ALT-IN-000003
06,06:003,electronic_asset_id,EA-00003,EA-00003
06,06:003,serial_number,ADC-2023-100003,ADC-2023-100003
06,06:003,udi,UDI-0088-00000003,UDI-0088-00000003
06,06:004,alternate_asset_id,ALT-IN-000004,ALT-IN-000004
06,06:004,electronic_asset_id,EA-00004,EA-00004
06,06:004,serial_number,INF-2024-100004,INF-2024-100004
06,06:004,udi,UDI-0088-00000004,UDI-0088-00000004
06,06:005,alternate_asset_id,ALT-IN-000005,ALT-IN-000005
06,06:005,electronic_asset_id,EA-00005,EA-00005
06,06:005,serial_number,ADC-2025-100005,ADC-2025-100005
06,06:005,udi,UDI-0088-00000005,UDI-0088-00000005
06,06:006,alternate_asset_id,ALT-IN-000006,ALT-IN-000006
06,06:006,electronic_asset_id,EA-00006,EA-00006
06,06:006,serial_number,INF-2020-100006,INF-2020-100006
06,06:007,alternate_asset_id,ALT-IN-000007,ALT-IN-000007
06,06:007,electronic_asset_id,EA-00007,EA-00007
06,06:007,serial_number,ADC-2021-1O0007,ADC-2021-100007
06,06:007,udi,UDI-0088-00000007,UDI-0088-00000007
06,06:008,alternate_asset_id,ALT-IN-000008,ALT-IN-000008
06,06:008,electronic_asset_id,EA-00008,EA-00008
06,06:008,serial_number,INF-2022-100008,INF-2022-100008
06,06:008,udi,UDI-0088-00000008,UDI-0088-00000008
06,06:009,alternate_asset_id,ALT-IN-000009,ALT-IN-000009
06,06:009,electronic_asset_id,EA-00009,EA-00009
06,06:009,serial_number,ADC-2023-100009,ADC-2023-100009
06,06:009,udi,UDI-0088-00000009,UDI-0088-00000009
06,06:010,alternate_asset_id,ALT-IN-000010,ALT-IN-000010
06,06:010,electronic_asset_id,EA-00010,EA-00010
06,06:010,serial_number,INF-2024-100010,INF-2024-100010
06,06:010,udi,UDI-0088-00000010,UDI-0088-00000010
06,06:011,alternate_asset_id,ALT-IN-000011,ALT-IN-000011
06,06:011,electronic_asset_id,EA-00011,EA-00011
06,06:011,serial_number,ADC-2025-100011,ADC-2025-100011
06,06:011,udi,UDI-0088-00000011,UDI-0088-00000011
06,06:012,alternate_asset_id,ALT-IN-000012,ALT-IN-000012
06,06:012,electronic_asset_id,EA-00012,EA-00012
06,06:012,serial_number,INF-2020-100012,INF-2020-100012
06,06:012,udi,UDI-0088-00000012,UDI-0088-00000012
06,06:013,alternate_asset_id,ALT-IN-000013,ALT-IN-000013
06,06:013,electronic_asset_id,EA-00013,EA-00013
06,06:013,serial_number,ADC-2021-100013,ADC-2021-100013
06,06:013,udi,UDI-0088-00000013,UDI-0088-00000013
06,06:014,alternate_asset_id,ALT-IN-000014,ALT-IN-000014
06,06:014,electronic_asset_id,EA-00014,EA-00014
06,06:014,serial_number,INF-2022-100014,INF-2022-100014
06,06:014,udi,UDI-0088-00000014,UDI-0088-00000014
06,06:015,alternate_asset_id,ALT-IN-000015,ALT-IN-000015
06,06:015,electronic_asset_id,EA-00015,EA-00015
06,06:015,serial_number,ADC-2023-100015,ADC-2023-100015
06,06:015,udi,UDI-0088-00000015,UDI-0088-00000015
06,06:016,alternate_asset_id,ALT-IN-000016,ALT-IN-000016
06,06:016,electronic_asset_id,EA-00016,EA-00016
06,06:016,serial_number,INF-2024-100016,INF-2024-100016
06,06:016,udi,UDI-0088-00000016,UDI-0088-00000016
06,06:017,alternate_asset_id,ALT-IN-000017,ALT-IN-000017
06,06:017,electronic_asset_id,EA-00017,EA-00017
06,06:017,serial_number,ADC-2025-100017,ADC-2025-100017
06,06:018,alternate_asset_id,ALT-IN-000018,ALT-IN-000018
06,06:018,electronic_asset_id,EA-00018,EA-00018
06,06:018,serial_number,INF-2020-100018,INF-2020-100018
06,06:018,udi,UDI-0088-00000018,UDI-0088-00000018
06,06:019,alternate_asset_id,ALT-IN-000019,ALT-IN-000019
06,06:019,electronic_asset_id,EA-00019,EA-00019
06,06:019,serial_number,ADC-2021-100019,ADC-2021-100019
06,06:019,udi,UDI-0088-00000019,UDI-0088-00000019
06,06:020,alternate_asset_id,ALT-IN-000020,ALT-IN-000020
06,06:020,electronic_asset_id,EA-00020,EA-00020
06,06:020,serial_number,INF-2022-1O0020,INF-2022-100020
06,06:020,udi,UDI-0088-00000020,UDI-0088-00000020
06,06:021,alternate_asset_id,ALT-IN-000021,ALT-IN-000021
06,06:021,electronic_asset_id,EA-00021,EA-00021
06,06:021,serial_number,ADC-2023-100021,ADC-2023-100021
06,06:021,udi,UDI-0088-00000021,UDI-0088-00000021
06,06:022,alternate_asset_id,ALT-IN-000022,ALT-IN-000022
06,06:022,electronic_asset_id,EA-00022,EA-00022
06,06:022,serial_number,INF-2024-100022,INF-2024-100022
06,06:022,udi,UDI-0088-00000022,UDI-0088-00000022
06,06:023,alternate_asset_id,ALT-IN-000023,ALT-IN-000023
06,06:023,electronic_asset_id,EA-00023,EA-00023
06,06:023,serial_number,ADC-2025-100023,ADC-2025-100023
06,06:023,udi,UDI-0088-00000023,UDI-0088-00000023
06,06:024,alternate_asset_id,ALT-IN-000024,ALT-IN-000024
06,06:024,electronic_asset_id,EA-00024,EA-00024
06,06:024,serial_number,INF-2020-100024,INF-2020-100024
06,06:024,udi,UDI-0088-00000024,UDI-0088-00000024
06,06:025,alternate_asset_id,ALT-IN-000025,ALT-IN-000025
06,06:025,electronic_asset_id,EA-00025,EA-00025
06,06:025,serial_number,ADC-2021-100025,ADC-2021-100025
06,06:025,udi,UDI-0088-00000025,UDI-0088-00000025
06,06:026,alternate_asset_id,ALT-IN-000026,ALT-IN-000026
06,06:026,electronic_asset_id,EA-00026,EA-00026
06,06:026,serial_number,INF-2022-100026,INF-2022-100026
06,06:026,udi,UDI-0088-00000026,UDI-0088-00000026
06,06:027,alternate_asset_id,ALT-IN-000027,ALT-IN-000027
06,06:027,electronic_asset_id,EA-00027,EA-00027
06,06:027,serial_number,ADC-2023-100027,ADC-2023-100027
06,06:027,udi,UDI-0088-00000027,UDI-0088-00000027
06,06:028,alternate_asset_id,ALT-IN-000028,ALT-IN-000028
06,06:028,electronic_asset_id,EA-00028,EA-00028
06,06:028,serial_number,INF-2024-100028,INF-2024-100028
06,06:029,alternate_asset_id,ALT-IN-000029,ALT-IN-000029
06,06:029,electronic_asset_id,EA-00029,EA-00029
06,06:029,serial_number,ADC-2025-100029,ADC-2025-100029
06,06:029,udi,UDI-0088-00000029,UDI-0088-00000029
06,06:030,alternate_asset_id,ALT-IN-000030,ALT-IN-000030
06,06:030,electronic_asset_id,EA-00030,EA-00030
06,06:030,serial_number,INF-2020-100030,INF-2020-100030
06,06:030,udi,UDI-0088-00000030,UDI-0088-00000030
06,06:031,alternate_asset_id,ALT-IN-000031,ALT-IN-000031
06,06:031,electronic_asset_id,EA-00031,EA-00031
06,06:031,serial_number,ADC-2021-100031,ADC-2021-100031
06,06:031,udi,UDI-0088-00000031,UDI-0088-00000031
06,06:032,alternate_asset_id,ALT-IN-000032,ALT-IN-000032
06,06:032,electronic_asset_id,EA-00032,EA-00032
06,06:032,serial_number,INF-2022-100032,INF-2022-100032
06,06:032,udi,UDI-0088-00000032,UDI-0088-00000032
06,06:033,alternate_asset_id,ALT-IN-000033,ALT-IN-000033
06,06:033,electronic_asset_id,EA-00033,EA-00033
06,06:033,serial_number,ADC-2023-100033,ADC-2023-100033
06,06:033,udi,UDI-0088-00000033,UDI-0088-00000033
06,06:034,alternate_asset_id,ALT-IN-000034,ALT-IN-000034
06,06:034,electronic_asset_id,EA-00034,EA-00034
06,06:034,serial_number,INF-2024-100034,INF-2024-100034
06,06:034,udi,UDI-0088-00000034,UDI-0088-00000034
06,06:035,alternate_asset_id,ALT-IN-000035,ALT-IN-000035
06,06:035,electronic_asset_id,EA-00035,EA-00035
06,06:035,serial_number,ADC-2025-100035,ADC-2025-100035
06,06:035,udi,UDI-0088-00000035,UDI-0088-00000035
06,06:036,alternate_asset_id,ALT-IN-000036,ALT-IN-000036
06,06:036,electronic_asset_id,EA-00036,EA-00036
06,06:036,serial_number,INF-2020-100036,INF-2020-100036
06,06:036,udi,UDI-0088-00000036,UDI-0088-00000036
06,06:037,alternate_asset_id,ALT-IN-000037,ALT-IN-000037
06,06:037,electronic_asset_id,EA-00037,EA-00037
06,06:037,serial_number,ADC-2021-100037,ADC-2021-100037
06,06:037,udi,UDI-0088-00000037,UDI-0088-00000037
06,06:038,alternate_asset_id,ALT-IN-000038,ALT-IN-000038
06,06:038,electronic_asset_id,EA-00038,EA-00038
06,06:038,serial_number,INF-2022-100038,INF-2022-100038
06,06:038,udi,UDI-0088-00000038,UDI-0088-00000038
06,06:039,alternate_asset_id,ALT-IN-000039,ALT-IN-000039
06,06:039,electronic_asset_id,EA-00039,EA-00039
06,06:039,serial_number,ADC-2023-100039,ADC-2023-100039
06,06:040,alternate_asset_id,ALT-IN-000040,ALT-IN-000040
06,06:040,electronic_asset_id,EA-00040,EA-00040
06,06:040,serial_number,INF-2024-100040,INF-2024-100040
06,06:040,udi,UDI-0088-00000040,UDI-0088-00000040
06,06:041,alternate_asset_id,ALT-IN-000041,ALT-IN-000041
06,06:041,electronic_asset_id,EA-00041,EA-00041
06,06:041,serial_number,ADC-2025-100041,ADC-2025-100041
06,06:041,udi,UDI-0088-00000041,UDI-0088-00000041
06,06:042,alternate_asset_id,ALT-IN-000042,ALT-IN-000042
06,06:042,electronic_asset_id,EA-00042,EA-00042
06,06:042,serial_number,INF-2020-100042,INF-2020-100042
06,06:042,udi,UDI-0088-00000042,UDI-0088-00000042
06,06:043,alternate_asset_id,ALT-IN-000043,ALT-IN-000043
06,06:043,electronic_asset_id,EA-00043,EA-00043
06,06:043,serial_number,ADC-2021-1O0043,ADC-2021-100043
06,06:043,udi,UDI-0088-00000043,UDI-0088-00000043
06,06:044,alternate_asset_id,ALT-IN-000044,ALT-IN-000044
06,06:044,electronic_asset_id,EA-00044,EA-00044
06,06:044,serial_number,INF-2022-100044,INF-2022-100044
06,06:044,udi,UDI-0088-00000044,UDI-0088-00000044
06,06:045,alternate_asset_id,ALT-IN-000045,ALT-IN-000045
06,06:045,electronic_asset_id,EA-00045,EA-00045
06,06:045,serial_number,ADC-2023-100045,ADC-2023-100045
06,06:045,udi,UDI-0088-00000045,UDI-0088-00000045
06,06:046,alternate_asset_id,ALT-IN-000046,ALT-IN-000046
06,06:046,electronic_asset_id,EA-00046,EA-00046
06,06:046,serial_number,INF-2024-100046,INF-2024-100046
06,06:046,udi,UDI-0088-00000046,UDI-0088-00000046
06,06:047,alternate_asset_id,ALT-IN-000047,ALT-IN-000047
06,06:047,electronic_asset_id,EA-00047,EA-00047
06,06:047,serial_number,ADC-2025-100047,ADC-2025-100047
06,06:047,udi,UDI-0088-00000047,UDI-0088-00000047
06,06:048,alternate_asset_id,ALT-IN-000048,ALT-IN-000048
06,06:048,electronic_asset_id,EA-00048,EA-00048
06,06:048,serial_number,INF-2020-100048,INF-2020-100048
06,06:048,udi,UDI-0088-00000048,UDI-0088-00000048
06,06:049,alternate_asset_id,ALT-IN-000049,ALT-IN-000049
06,06:049,electronic_asset_id,EA-00049,EA-00049
06,06:049,serial_number,ADC-2021-100049,ADC-2021-100049
06,06:049,udi,UDI-0088-00000049,UDI-0088-00000049
06,06:050,alternate_asset_id,ALT-IN-000050,ALT-IN-000050
06,06:050,electronic_asset_id,EA-00050,EA-00050
06,06:050,serial_number,INF-2022-100050,INF-2022-100050
06,06:051,alternate_asset_id,ALT-IN-000051,ALT-IN-000051
06,06:051,electronic_asset_id,EA-00051,EA-00051
06,06:051,serial_number,ADC-2023-100051,ADC-2023-100051
06,06:051,udi,UDI-0088-00000051,UDI-0088-00000051
06,06:052,alternate_asset_id,ALT-IN-000052,ALT-IN-000052
06,06:052,electronic_asset_id,EA-00052,EA-00052
06,06:052,serial_number,INF-2024-100052,INF-2024-100052
06,06:052,udi,UDI-0088-00000052,UDI-0088-00000052
06,06:053,alternate_asset_id,ALT-IN-000053,ALT-IN-000053
06,06:053,electronic_asset_id,EA-00053,EA-00053
06,06:053,serial_number,ADC-2025-100053,ADC-2025-100053
06,06:053,udi,UDI-0088-00000053,UDI-0088-00000053
06,06:054,alternate_asset_id,ALT-IN-000054,ALT-IN-000054
06,06:054,electronic_asset_id,EA-00054,EA-00054
06,06:054,serial_number,INF-2020-100054,INF-2020-100054
06,06:054,udi,UDI-0088-00000054,UDI-0088-00000054
06,06:055,alternate_asset_id,ALT-IN-000055,ALT-IN-000055
06,06:055,electronic_asset_id,EA-00055,EA-00055
06,06:055,serial_number,ADC-2021-100055,ADC-2021-100055
06,06:055,udi,UDI-0088-00000055,UDI-0088-00000055
06,06:056,alternate_asset_id,ALT-IN-000056,ALT-IN-000056
06,06:056,electronic_asset_id,EA-00056,EA-00056
06,06:056,serial_number,INF-2022-100056,INF-2022-100056
06,06:056,udi,UDI-0088-00000056,UDI-0088-00000056
06,06:057,alternate_asset_id,ALT-IN-000057,ALT-IN-000057
06,06:057,electronic_asset_id,EA-00057,EA-00057
06,06:057,serial_number,ADC-2023-100057,ADC-2023-100057
06,06:057,udi,UDI-0088-00000057,UDI-0088-00000057
06,06:058,alternate_asset_id,ALT-IN-000058,ALT-IN-000058
06,06:058,electronic_asset_id,EA-00058,EA-00058
06,06:058,serial_number,INF-2024-100058,INF-2024-100058
06,06:058,udi,UDI-0088-00000058,UDI-0088-00000058
06,06:059,alternate_asset_id,ALT-IN-000059,ALT-IN-000059
06,06:059,electronic_asset_id,EA-00059,EA-00059
06,06:059,serial_number,ADC-2025-100059,ADC-2025-100059
06,06:059,udi,UDI-0088-00000059,UDI-0088-00000059
06,06:060,alternate_asset_id,ALT-IN-000060,ALT-IN-000060
06,06:060,electronic_asset_id,EA-00060,EA-00060
06,06:060,serial_number,INF-2020-100060,INF-2020-100060
06,06:060,udi,UDI-0088-00000060,UDI-0088-00000060
07,07:001,serial_number,ADC-2021-100001,ADC-2021-100001
07,07:002,electronic_asset_id,EA-00002,EA-00002
07,07:003,electronic_asset_id,EA-00003,EA-00003
07,07:004,electronic_asset_id,EA-00003,EA-00003
07,07:005,serial_number,INF-2024-100004,INF-2024-100004
07,07:006,electronic_asset_id,EA-00005,EA-00005
07,07:007,electronic_asset_id,EA-00006,EA-00006
07,07:008,electronic_asset_id,EA-00007,EA-00007
07,07:008,serial_number,ADC-2021-100007,ADC-2021-100007
07,07:009,serial_number,INF-2022-100008,INF-2022-100008
07,07:010,electronic_asset_id,EA-00008,EA-00008
07,07:011,electronic_asset_id,EA-00009,EA-00009
07,07:012,electronic_asset_id,EA-00010,EA-00010
07,07:013,serial_number,ADC-2025-100011,ADC-2025-100011
07,07:014,electronic_asset_id,EA-00012,EA-00012
07,07:015,electronic_asset_id,EA-00013,EA-00013
07,07:015,serial_number,ADC-2021-100013,ADC-2021-100013
07,07:016,electronic_asset_id,EA-00013,EA-00013
07,07:017,serial_number,INF-2022-100014,INF-2022-100014
07,07:018,electronic_asset_id,EA-00015,EA-00015
07,07:019,electronic_asset_id,EA-00016,EA-00016
07,07:020,electronic_asset_id,EA-00017,EA-00017
07,07:021,serial_number,INF-2020-100018,INF-2020-100018
07,07:022,electronic_asset_id,EA-00018,EA-00018
07,07:022,serial_number,INF-2020-100018,INF-2020-100018
07,07:023,electronic_asset_id,EA-00019,EA-00019
07,07:024,electronic_asset_id,EA-00020,EA-00020
07,07:025,serial_number,ADC-2023-100021,ADC-2023-100021
07,07:026,electronic_asset_id,EA-00022,EA-00022
07,07:027,electronic_asset_id,EA-00023,EA-00023
07,07:028,electronic_asset_id,EA-00023,EA-00023
07,07:029,serial_number,INF-2020-100024,INF-2020-100024
07,07:030,electronic_asset_id,EA-00025,EA-00025
07,07:031,electronic_asset_id,EA-00026,EA-00026
07,07:032,electronic_asset_id,EA-00027,EA-00027
07,07:033,serial_number,INF-2024-100028,INF-2024-100028
07,07:034,electronic_asset_id,EA-00028,EA-00028
07,07:035,electronic_asset_id,EA-00029,EA-00029
07,07:036,electronic_asset_id,EA-00030,EA-00030
07,07:036,serial_number,INF-2020-100030,INF-2020-100030
07,07:037,serial_number,ADC-2021-100031,ADC-2021-100031
07,07:038,electronic_asset_id,EA-00032,EA-00032
07,07:039,electronic_asset_id,EA-00033,EA-00033
07,07:040,electronic_asset_id,EA-00033,EA-00033
07,07:041,serial_number,INF-2024-100034,INF-2024-100034
07,07:042,electronic_asset_id,EA-00035,EA-00035
07,07:043,electronic_asset_id,EA-00036,EA-00036
07,07:043,serial_number,INF-2020-100036,INF-2020-100036
07,07:044,electronic_asset_id,EA-00037,EA-00037
07,07:045,serial_number,INF-2022-100038,INF-2022-100038
07,07:046,electronic_asset_id,EA-00038,EA-00038
07,07:047,electronic_asset_id,EA-00039,EA-00039
07,07:048,electronic_asset_id,EA-00040,EA-00040
07,07:049,serial_number,ADC-2025-100041,ADC-2025-100041
07,07:050,electronic_asset_id,EA-00042,EA-00042
07,07:050,serial_number,INF-2020-100042,INF-2020-100042
07,07:051,electronic_asset_id,EA-00043,EA-00043
07,07:052,electronic_asset_id,EA-00044,EA-00044
07,07:053,serial_number,ADC-2023-100045,ADC-2023-100045
07,07:054,electronic_asset_id,EA-00046,EA-00046
07,07:055,electronic_asset_id,EA-00047,EA-00047
07,07:056,electronic_asset_id,EA-00048,EA-00048
07,07:057,serial_number,ADC-2021-100049,ADC-2021-100049
07,07:058,electronic_asset_id,EA-00050,EA-00050
07,07:059,electronic_asset_id,EA-00051,EA-00051
07,07:060,electronic_asset_id,EA-00052,EA-00052
07,07:061,serial_number,ADC-2025-100053,ADC-2025-100053
07,07:062,electronic_asset_id,EA-00054,EA-00054
07,07:063,electronic_asset_id,EA-00055,EA-00055
07,07:064,electronic_asset_id,EA-00056,EA-00056
07,07:064,serial_number,INF-2022-100056,INF-2022-100056
07,07:065,serial_number,ADC-2023-100057,ADC-2023-100057
07,07:066,electronic_asset_id,EA-00058,EA-00058
07,07:067,electronic_asset_id,EA-00059,EA-00059
07,07:068,electronic_asset_id,EA-00060,EA-00060
08,08:001,serial_number,ADC-2021-100001,ADC-2021-100001
08,08:002,electronic_asset_id,EA-00002,EA-00002
08,08:003,electronic_asset_id,EA-00003,EA-00003
08,08:004,electronic_asset_id,EA-00005,EA-00005
08,08:004,serial_number,ADC-2025-100005,ADC-2025-100005
08,08:005,electronic_asset_id,EA-00006,EA-00006
08,08:007,electronic_asset_id,EA-00009,EA-00009
08,08:007,serial_number,ADC-2023-100009,ADC-2023-100009
08,08:008,electronic_asset_id,EA-00010,EA-00010
08,08:009,electronic_asset_id,EA-00011,EA-00011
08,08:010,electronic_asset_id,EA-00012,EA-00012
08,08:010,serial_number,INF-2020-100012,INF-2020-100012
08,08:012,electronic_asset_id,EA-00014,EA-00014
08,08:013,electronic_asset_id,EA-00016,EA-00016
08,08:013,serial_number,INF-2024-100016,INF-2024-100016
08,08:014,electronic_asset_id,EA-00017,EA-00017
08,08:015,electronic_asset_id,EA-00018,EA-00018
08,08:016,serial_number,ADC-2021-100019,ADC-2021-100019
08,08:017,electronic_asset_id,EA-00020,EA-00020
08,08:018,electronic_asset_id,EA-00021,EA-00021
08,08:019,electronic_asset_id,EA-00022,EA-00022
08,08:019,serial_number,INF-2024-100022,INF-2024-100022
08,08:020,electronic_asset_id,EA-00023,EA-00023
08,08:022,electronic_asset_id,EA-00025,EA-00025
08,08:022,serial_number,ADC-2021-100025,ADC-2021-100025
08,08:023,electronic_asset_id,EA-00026,EA-00026
08,08:024,electronic_asset_id,EA-00028,EA-00028
08,08:025,electronic_asset_id,EA-00030,EA-00030
08,08:025,serial_number,INF-2020-100030,INF-2020-100030
08,08:027,electronic_asset_id,EA-00033,EA-00033
08,08:028,electronic_asset_id,EA-00036,EA-00036
08,08:028,serial_number,INF-2020-100036,INF-2020-100036
08,08:029,electronic_asset_id,EA-00037,EA-00037
08,08:030,electronic_asset_id,EA-00038,EA-00038
08,08:031,serial_number,INF-2024-100040,INF-2024-100040
08,08:032,electronic_asset_id,EA-00042,EA-00042
08,08:033,electronic_asset_id,EA-00045,EA-00045
08,08:034,electronic_asset_id,EA-00046,EA-00046
08,08:034,serial_number,INF-2024-100046,INF-2024-100046
08,08:035,electronic_asset_id,EA-00048,EA-00048
08,08:037,electronic_asset_id,EA-00050,EA-00050
08,08:037,serial_number,INF-2022-100050,INF-2022-100050
08,08:038,electronic_asset_id,EA-00051,EA-00051
08,08:039,electronic_asset_id,EA-00053,EA-00053
08,08:040,electronic_asset_id,EA-00055,EA-00055
08,08:040,serial_number,ADC-2021-100055,ADC-2021-100055
09,09:002,serial_number,ADC-2023-100015,ADC-2023-100015
09,09:003,serial_number,INF-2024-100022,INF-2024-100022
09,09:004,serial_number,ADC-2025-100029,ADC-2025-100029
09,09:006,serial_number,ADC-2021-100043,ADC-2021-100043
09,09:007,serial_number,INF-2022-100050,INF-2022-100050
09,09:008,serial_number,ADC-2023-100057,ADC-2023-100057
09,09:010,serial_number,ADC-2025-100011,ADC-2025-100011
09,09:011,serial_number,INF-2020-100018,INF-2020-100018
09,09:012,serial_number,ADC-2021-100025,ADC-2021-100025
09,09:014,serial_number,ADC-2023-100039,ADC-2023-100039
09,09:015,serial_number,INF-2024-100046,INF-2024-100046
09,09:016,serial_number,ADC-2025-100053,ADC-2025-100053
09,09:018,serial_number,ADC-2021-100007,ADC-2021-100007
09,09:019,serial_number,INF-2022-100014,INF-2022-100014
09,09:020,serial_number,ADC-2023-100021,ADC-2023-100021
09,09:022,serial_number,ADC-2O25-100035,ADC-2025-100035
09,09:023,serial_number,INF-2020-100042,INF-2020-100042
09,09:024,serial_number,ADC-2021-100049,ADC-2021-100049
09,09:026,serial_number,ADC-2023-100003,ADC-2023-100003
09,09:027,serial_number,INF-2024-100010,INF-2024-100010
09,09:028,serial_number,ADC-2025-100017,ADC-2025-100017
09,09:030,serial_number,ADC-2021-100031,ADC-2021-100031
09,09:031,serial_number,INF-2022-100038,INF-2022-100038
09,09:032,serial_number,ADC-2023-100045,ADC-2023-100045
09,09:034,serial_number,ADC-2025-100059,ADC-2025-100059
09,09:035,serial_number,INF-2020-100006,INF-2020-100006
09,09:036,serial_number,ADC-2021-100013,ADC-2021-100013
09,09:038,serial_number,ADC-2023-100027,ADC-2023-100027
09,09:039,serial_number,INF-2024-100034,INF-2024-100034
09,09:040,serial_number,ADC-2025-100041,ADC-2025-100041
09,09:042,serial_number,ADC-2021-100055,ADC-2021-100055
09,09:043,serial_number,INF-2022-100002,INF-2022-100002
09,09:044,serial_number,ADC-2023-100009,ADC-2023-100009
09,09:046,serial_number,ADC-2025-100023,ADC-2025-100023
09,09:047,serial_number,INF-2020-100030,INF-2020-100030
09,09:048,serial_number,ADC-2021-100037,ADC-2021-100037
09,09:050,serial_number,ADC-2023-100051,ADC-2023-100051
09,09:051,serial_number,INF-2024-100058,INF-2024-100058
09,09:052,serial_number,ADC-2025-100005,ADC-2025-100005
09,09:054,serial_number,ADC-2021-100019,ADC-2021-100019
09,09:055,serial_number,INF-2022-100026,INF-2022-100026
09,09:056,serial_number,ADC-2023-100033,ADC-2023-100033
09,09:058,serial_number,ADC-2025-100047,ADC-2025-100047
09,09:059,serial_number,INF-2020-100054,INF-2020-100054
09,09:060,serial_number,ADC-2021-100001,ADC-2021-100001
09,09:062,serial_number,ADC-2023-100015,ADC-2023-100015
09,09:063,serial_number,INF-2024-100022,INF-2024-100022
09,09:064,serial_number,ADC-2025-100029,ADC-2025-100029
09,09:066,serial_number,ADC-2021-100043,ADC-2021-100043
09,09:067,serial_number,INF-2022-100050,INF-2022-100050
09,09:068,serial_number,ADC-2023-100057,ADC-2023-100057
09,09:070,serial_number,ADC-2025-100011,ADC-2025-100011
09,09:071,serial_number,INF-2020-100018,INF-2020-100018
09,09:072,serial_number,ADC-2021-100025,ADC-2021-100025
09,09:074,serial_number,ADC-2023-100039,ADC-2023-100039
09,09:075,serial_number,INF-2024-100046,INF-2024-100046
09,09:076,serial_number,ADC-2025-100053,ADC-2025-100053
09,09:078,serial_number,ADC-2021-100007,ADC-2021-100007
09,09:079,serial_number,INF-2022-100014,INF-2022-100014
09,09:080,serial_number,ADC-2023-100021,ADC-2023-100021
09,09:082,serial_number,ADC-2025-100035,ADC-2025-100035
09,09:083,serial_number,INF-2020-100042,INF-2020-100042
09,09:084,serial_number,ADC-2021-100049,ADC-2021-100049
09,09:086,serial_number,ADC-2023-100003,ADC-2023-100003
09,09:087,serial_number,INF-2024-100010,INF-2024-100010
09,09:088,serial_number,ADC-2025-100017,ADC-2025-100017
09,09:090,serial_number,ADC-2021-100031,ADC-2021-100031
09,09:091,serial_number,INF-2022-100038,INF-2022-100038
09,09:092,serial_number,ADC-2023-100045,ADC-2023-100045
09,09:094,serial_number,ADC-2025-100059,ADC-2025-100059
09,09:095,serial_number,INF-2020-100006,INF-2020-100006
09,09:096,serial_number,ADC-2021-100013,ADC-2021-100013
09,09:098,serial_number,ADC-2023-100027,ADC-2023-100027
09,09:099,serial_number,INF-2024-100034,INF-2024-100034
09,09:100,serial_number,ADC-2025-100041,ADC-2025-100041
09,09:102,serial_number,ADC-2021-100055,ADC-2021-100055
09,09:103,serial_number,INF-2022-100002,INF-2022-100002
09,09:104,serial_number,ADC-2023-100009,ADC-2023-100009
09,09:106,serial_number,ADC-2025-100023,ADC-2025-100023
09,09:107,serial_number,INF-2020-100030,INF-2020-100030
09,09:108,serial_number,ADC-2021-100037,ADC-2021-100037
09,09:110,serial_number,ADC-2023-100051,ADC-2023-100051
09,09:111,serial_number,INF-2024-100058,INF-2024-100058
09,09:112,serial_number,ADC-2025-100005,ADC-2025-100005
09,09:114,serial_number,ADC-2021-100019,ADC-2021-100019
09,09:115,serial_number,INF-2022-100026,INF-2022-100026
09,09:116,serial_number,ADC-2023-100033,ADC-2023-100033
09,09:118,serial_number,ADC-2025-100047,ADC-2025-100047
09,09:119,serial_number,INF-2020-100054,INF-2020-100054
09,09:120,serial_number,ADC-2021-100001,ADC-2021-100001
